Title,Source
"ভূমি অফিসের কক্ষে তালা, বারান্দায় বসে প্রতিমন্ত্রীর অপেক্ষা",সারাবাংলা
৬ সিটি করপোরেশনে প্রশাসক নিয়োগের বৈধতা চ্যালেঞ্জ করে রিট,আইন-আদালত
ইরান হামলা: কূটনৈতিকভাবে সোচ্চার রাশিয়া ও চীন,বিশ্ব
নগদে রেমিট্যান্স পাঠিয়ে স্বর্ণের হার জিতুন আপনিও,কর্পোরেট কর্নার
"বৃষ্টির আভাস নেই, কেমন থাকবে তাপমাত্রা?",জাতীয়
"অফিসটাইমে ফাঁকা কার্যালয়, রংপুর ডিসি কর্মকর্তাদের বিরুদ্ধে ব্যবস্থার নির্দেশ",সারাবাংলা
"ইসরায়েলের অত্যাধুনিক ড্রোন অক্ষত নামানোর দাবি ইরানের, চলবে গবেষণা",বিশ্ব
"ইসলামে জাকাতের অর্থনৈতিক, সামাজিক ও আধ্যাত্মিক গুরুত্ব",ইসলামী জীবন
পাকিস্তানের কোচ হতে পারেন সরফরাজ,খেলা
জিয়াউর রহমান ও খালেদা জিয়ার কবর জিয়ারত চার হুইপের,রাজধানী
কারিগরি শিক্ষাকে বাজারমুখী করতে হবে : শিক্ষামন্ত্রী,শিক্ষা
"খামেনির দাফন কোথায় কবে, যে তথ্য জানা গেল",বিশ্ব
ঘানায় সড়ক দুর্ঘটনায় নিহত অন্তত ১৬,বিশ্ব
"রামপুরায় হত্যা মামলার রায়, প্রমাণ দাখিলে চার সপ্তাহের সময়ের আবেদন প্রসিকিউশনের",রাজধানী
"যুক্তরাষ্ট্রের সঙ্গে বাণিজ্য চুক্তি চূড়ান্ত নয়, প্রয়োজনে সংশোধন : বাণিজ্যমন্ত্রী",জাতীয়
দুর্নীতিবাজ দলের লোক হলেও ছাড় পাবে না : দীপেন দেওয়ান,সারাবাংলা
"সুন্দরবনে ফের জলদস্যু আতঙ্ক, অপহৃত অন্তত ৪০ জেলে",দেশ
চট্টগ্রামে হালিশহরে বিস্ফোরণের ঘটনায় তদন্তে ফায়ার সার্ভিস,দেশ
"পিরোজপুরে অদ্ভুত এক গরুর জন্ম, এলাকায় চাঞ্চল্য",সারাবাংলা
মানুষের শ্রেষ্ঠত্ব ও আল্লাহর পরিকল্পনা,ইসলামী জীবন
কাতারে ১০ আইআরজিসি স্পাই গ্রেপ্তারের দাবি,বিশ্ব
"হিলি বন্দরে আমদানি-রপ্তানি বন্ধ আজ, চালু হবে কবে",সারাবাংলা
ট্রাকের ধাক্কায় প্রাণ গেল ছাত্রদলের যুগ্ম আহ্বায়কের,সারাবাংলা
কোরআন ও হাদিসের আলোকে রিজিক বৃদ্ধির উপায়,ইসলামী জীবন
সার্বভৌমত্ব রক্ষায় আনসারকে সর্বোচ্চ প্রস্তুতির আহ্বান প্রধানমন্ত্রীর,জাতীয়
বারবার অ্যালার্ম স্নুজ করার ফলে শরীরে যেসব দীর্ঘমেয়াদি প্রভাব পড়তে পারে,জীবনযাপন
কাজে অবহেলাকারীদের বিরুদ্ধে ব্যবস্থা নেওয়া হবে : ভূমি প্রতিমন্ত্রী,সারাবাংলা
সীতাকুণ্ডের সেই শিশুটির সঙ্গে কী হয়েছিল? ঘাতকের রোমহর্ষক বর্ণনা,সারাবাংলা
ভাড়া বাসা থেকে আরএফএল কোম্পানির এসআরের মরদেহ উদ্ধার,সারাবাংলা
‘ক্ষমতায় গিয়ে ইউনূসও আগের রাজনীতিবিদদের স্টাইল অনুসরণ করেন’,সোশ্যাল মিডিয়া
রোজা ও কিয়ামুল লাইল যখন ফলহীন থেকে যায়,ইসলামী জীবন
রাজশাহী কলেজে বসুন্ধরা শুভসংঘের উদ্যোগে ইফতার মাহফিল অনুষ্ঠিত,বসুন্ধরা শুভসংঘ
সৃষ্টিজগতে মানুষের অনন্য অবস্থান ও সৌন্দর্যের রহস্য,ইসলামী জীবন
আর্জেন্টিনা-স্পেন ‘ফিনালিসিমা’ স্থানান্তর হতে পারে ইউরোপে,খেলা
অন্ত্রের স্বাস্থ্য উন্নত করতে সহায়ক ৫ আঁশসমৃদ্ধ খাবার,জীবনযাপন
বাংলাদেশকে ন্যায়ভিত্তিক রাষ্ট্র হিসেবে গড়ে তুলতে আমরা দৃঢ়প্রতিজ্ঞ : এলজিআরডি মন্ত্রী,জাতীয়
শতাধিক সুবিধাবঞ্চিত মানুষের মুখে হাসি ফোটালো বসুন্ধরা শুভসংঘ,বসুন্ধরা শুভসংঘ
"চাঁপাইনবাবগঞ্জ সীমান্তে ৫০০ বছরের প্রাচীন আভিজাত্য, দারাসবাড়ি মসজিদ",ভ্রমণ
মধ্যপ্রাচ্য সংকটে আজও ২৫ ফ্লাইট বাতিল,জাতীয়
তেলের দাম বাড়ার আগাম খবরে পেট্রল পাম্পে উপচে পড়া ভিড়,দেশ
"বইয়ের ভাঁজে ইতিহাস, বইমেলায় জিয়া স্মৃতি পাঠাগারের ব্যতিক্রমী আয়োজন",প্যাকেজ রিপোর্ট
সরকারি চাকরিজীবীদের অফিসে উপস্থিতি নিয়ে নতুন নির্দেশনা জারি,জাতীয়
গাবতলীতে অগ্রিম বাস টিকিটে যাত্রীদের ভিড়,রাজধানী
লেবাননে ৩০ হাজার মানুষ বাস্তুচ্যুত,দেশে দেশে
নারকেলের ছোবড়া ছাড়ানোর দক্ষ কারিগর বাবুল হোসেন,দেশ
"ইরানে নতুন করে ইসরায়েলি হামলা, ক্ষেপণাস্ত্র উৎক্ষেপণ যন্ত্র ধ্বংসের দাবি",বিশ্ব
আলিম দারের পদত্যাগের পেছনে কী কারণ,খেলা
পারমাণবিক শক্তিচালিত বিমানবাহী রণতরী পাঠাচ্ছে ফ্রান্স,বিশ্ব
এবার দুবাইয়ের মার্কিন কনস্যুলেটে ইরানের ড্রোন হামলা,দেশ
মাদকসেবন ও বহন করায় চার যুবকের কারাদণ্ড,সারাবাংলা
বিপিএসএসপিএ’র বার্ষিক সাধারণ সভা ও ইফতার মাহফিল অনুষ্ঠিত,কর্পোরেট কর্নার
"হঠাৎ ভূমি অফিসে প্রতিমন্ত্রী, আধাঘণ্টা অপেক্ষা...",সারাবাংলা
আপনাদের শান্তি ও নিরাপত্তায় আমৃত্যু পাশে থাকব : এস এম জিলানী,সারাবাংলা
"আইসক্রিমে নতুন ইনোভেশন, সেভয়ের রেড ভেলভেট টেম্পটেশন",কর্পোরেট কর্নার
স্পেনে সমুদ্রসৈকতের ব্রিজ ধসে ৫ জনের মৃত্যু,বিশ্ব
দোহারে পার্লারে ‘হেয়ার ট্রিটমেন্ট’ নিয়ে ৪ নারীর মাথায় ‘টাক’,দেশ
সুন্দরবনের কুখ্যাত ডাকাত আফজাল সরদার আটক,দেশ
"গুপ্তধন মনে করে বাড়িতে নিয়ে এলেন গ্রেনেড, অতঃপর...",সারাবাংলা
মার্কিন ব্যাংক ও শেয়ারবাজারে সাইবার হামলার সতর্কতা জারি,তথ্যপ্রযুক্তি
বেড়েই চলেছে জ্বালানি তেলের দাম,বাণিজ্য
বরিশালে সড়কে ঝরল ফায়ার সার্ভিস কর্মীর প্রাণ,সারাবাংলা
প্রধানমন্ত্রী তারেক রহমানের সঙ্গে সাক্ষাৎ করেন কোস্ট গার্ডের মহাপরিচালক রিয়ার অ্যাডমিরাল মো. জিয়াউল হক।,খবর
"ঈদের ছুটি বৃদ্ধির বিষয়ে আলোচনা, সিদ্ধান্ত কাল",জাতীয়
"এমপির স্ত্রীকে নিয়ে প্রশাসনিক সভা, ইউএনও-এসিল্যান্ডের বদলিতে দেশজুড়ে আলোচনা",দেশ
জাতীয় ‘সমাজ উন্নয়ন অ্যাওয়ার্ড’ পেলেন বাকৃবির ৩ রোভার,শিক্ষা
মধ্যরাতে মোহাম্মদপুরে পুলিশের অভিযান,রাজধানী
"তীব্রতর হচ্ছে মধ্যপ্রাচ্যের সংঘাত : তেলের দাম বেড়েছে, কমেছে শেয়ারের দাম",বিশ্ব
কিশোরগঞ্জে ফাল্গুনে প্রকৃতিতে পৌষের কুয়াশা,দেশ
ইরানের হামলায় নিহত ৪ মার্কিন সৈন্যের ছবি প্রকাশ পেন্টাগনের,রাজধানী
"ফেসবুকে চটকদার বিজ্ঞাপন, ঘরে মিলল ৭০ কার্টন নকল প্রসাধনী",দেশ
"সোনার দামে বড় পতন, ভরি কত?",বাণিজ্য
পাকিস্তান ক্রিকেটারদের জরিমানার খবরে মুখ খুললেন আফ্রিদি,খেলা
দুবাইয়ে মার্কিন দূতাবাসে হামলা করেছে ইরান,বিশ্ব
রাজনৈতিক ইস্যু আদালতে নেওয়া সমীচীন নয় : জামায়াত,রাজনীতি
অভিযানেও থামছে না মাদক কারবার,সারাবাংলা
বাংলাদেশ সফরে অনিশ্চিত পাকিস্তানের তারকা ব্যাটার,খেলা
"ভাই অর্জুনের পাশে জাহ্নবী, ‘সোশ্যাল মিডিয়ার নেতিবাচকতা থেকে দূরে থাকাই ভালো’",বিনোদন
৪ দেশের শিক্ষার্থীদের ভিসা দেবে না যুক্তরাজ্য,বিশ্ব
এনসিপির এমপিকে কেন অবরুদ্ধ করা হলো,জাতীয়
"১৪ মার্চের অগ্রিম টিকিট বিক্রি শুরু, অনলাইনে কাটবেন যেভাবে",জাতীয়
বড় জয়েও ফাইনালে উঠা হলো না বার্সেলোনার,খেলা
"লেবাননে বাসিন্দাদের ফের সরে যাওয়ার নির্দেশ, কুয়েতে নিহত ১",বিশ্ব
ইরানের নতুন সর্বোচ্চ নেতা খামেনির ছেলে : ইসরায়েলি ও মার্কিন সংবাদমাধ্যম,বিশ্ব
পররাষ্ট্র প্রতিমন্ত্রী শামা ওবায়েদের সঙ্গে বৈঠকে পল কাপুর,জাতীয়
ব্যাংক একীভূত করার উদ্যোগ চলমান থাকবে : গভর্নর,বাণিজ্য
ক্যান্সারে আক্রান্ত ‘এভিল ডেড’ তারকা ব্রুস ক্যাম্পবেল,বিনোদন
বিপর্যয়ের মুখে বিশ্ববাণিজ্য,বাণিজ্য
"ধূমপানের প্রবণতা কমেছে গণপরিবহনে, অসন্তোষ টার্মিনালে",জাতীয়
রামু রাবার বাগানে উচ্ছেদ বন্ধে বেড়েছে দখলদারদের তৎপরতা,সারাবাংলা
যুদ্ধ আর কত দিন চলবে,বিশ্ব
"কুয়েতে ইরানের হামলায় ৬ মার্কিন সেনা নিহত, ৪ জনের ছবি প্রকাশ",বিশ্ব
ঢাকার বাতাস আজ ‘দুর্যোগপূর্ণ’,জাতীয়
রোনালদো কি সত্যিই সৌদি আরব ছেড়েছেন?,খেলা
বিকল্প জ্বালানি উৎসের খোঁজ,বাণিজ্য
"কবরের ছবি শেয়ার করে ট্রাম্পকে আরাঘচি : উদ্ধার করতে চেয়েছিলেন, তার ফলাফল",বিশ্ব
ছাত্রলীগ করায় ছেলেকে ত্যাজ্য ঘোষণা করলেন বাবা,সারাবাংলা
মধ্যপ্রাচ্যে সংঘাত : দেশের বিদ্যুৎ ও জ্বালানির ঘাটতি নিয়ে যা বললেন মন্ত্রী,জাতীয়
ঢাকায় আজ দিনভর যেমন থাকবে তাপমাত্রা,রাজধানী
ট্রেনে ঈদ যাত্রা : আজ মিলছে ১৪ মার্চের টিকিট,জাতীয়
ইরানে এক হাজারের বেশি বেসামরিক নাগরিক নিহতের দাবি,বিশ্ব
২ ঘণ্টা পর এনসিপির অবরুদ্ধ এমপিকে উদ্ধার,জাতীয়
১৯তম নিবন্ধনের বিজ্ঞপ্তি ঈদের আগেই?,শিক্ষা
আয়াতুল্লাহ আলী খামেনিকে কোথায় সমাহিত করা হবে,বিশ্ব
কোটি কর্মসংস্থানের কর্মসূচি,মতামত
ষড়যন্ত্রের শিকার ইরান : গাদ্দাফিকন্যার চিঠি,মতামত
পোশাক রপ্তানিতে টানা ধস,বাণিজ্য
বুধবার রাজধানীর যেসব মার্কেট ও দোকানপাট বন্ধ,রাজধানী
"আজ ৪ মার্চ, দিনটি কেমন যাবে আপনার?",জীবনযাপন
"আজকের নামাজের সময়সূচি, ৪ মার্চ ২০২৬",ইসলামী জীবন
আজকের দিন : ইতিহাসের আয়নায় ৪ মার্চ,বিবিধ
একনজরে আজকের কালের কণ্ঠ (৪ মার্চ),জাতীয়
বগুড়া-৬ ও শেরপুর-৩ আসনের নির্বাচনে প্রার্থী ৯ জন,জাতীয়
"স্ত্রী-সন্তানকে হত্যার হুমকি, ২ নেতার জামিন",খবর
মাধ্যমিক বিদ্যালয় পরিদর্শন ক্যালেন্ডার আপলোডের সময় বাড়ল,শিক্ষা
"ফের বেড়েছে সোনার দাম, ভরি কত?",বাণিজ্য
বাহরাইনে নিহত তারেকের পরিবারের পাশে সাঈদ আল নোমান,সারাবাংলা
এয়ারলাইন্সগুলোকে যাত্রীদের সঙ্গে সার্বক্ষণিক যোগাযোগের নির্দেশ,জাতীয়
ইরানের যে শহরে দাফন করা হবে খামেনিকে,বিশ্ব
চরভদ্রাসনে গৃহবধূর ঝুলন্ত মরদেহ উদ্ধার,সারাবাংলা
চান্দিনা ভূমি অফিস যেন দুনীর্তির সাম্রাজ্য,সারাবাংলা
সাইফ-নাঈমের ব্যাটে চ্যাম্পিয়ন মধ্যাঞ্চল,খেলা
"আছে ঘোষণা, নেই প্রচারণা",রংবেরং
বিএনপির লোকজন শালিস-দরবার করতে পারবে না : এমপি মিলন,সারাবাংলা
"যশোরে ওষুধ ব্যবসায়ী অপহৃত, কোটি টাকা মুক্তিপণ দাবি",খবর
ইরানের আণবিক অস্ত্র কর্মসূচির প্রমাণ মেলেনি : আইএইএ,খবর
ঢাকা পলিটেকনিকের লতিফ ছাত্রাবাস বন্ধ,খবর
দুবাইয়ে ৪৮ ঘণ্টা আটকা যুদ্ধের আকাশে পেশাদারির নজির,খবর
মূল সড়কে যেন ব্যাটারি রিকশা চলতে না পারে,খবর
"সেনাপ্রধান থাকতে কেনাকাটায় দুর্নীতি হয়েছিল, এখতিয়ার না থাকায় তদন্ত করিনি",খবর
ফ্লাইট বিপর্যয়ে অপতথ্য এড়াতে যাত্রীদের সতর্ক থাকার আহ্বান,খবর
কারুকাজ,খবর
স্বাস্থ্য শিক্ষা স্থানীয় সরকার ও কৃষিতে নতুন সচিব,খবর
চাকরিচ্যুত বিডিআর সদস্যদের সব সুবিধাসহ পুনর্বহাল দাবি,খবর
ধানের শীষে ভোট দিতে চাওয়া সেই বৃদ্ধার পাশে প্রধানমন্ত্রী,খবর
প্রতারণার অভিযোগে চারজন গ্রেপ্তার,খবর
"রাজধানীতে গৃহবধূ খুন, ফরিদপুরে যুবককে কুপিয়ে হত্যা",খবর
আসিফ মাহমুদের ব্যাংক হিসাব তলব,খবর
অপরাধ দমনে আরো বেশি সক্রিয়-উদ্যমী পুলিশ : ডিএমপি কমিশনার,জাতীয়
বুড়িচংয়ে অবৈধ মাটি কাটার এস্কেভেটর বিকল করলেন ইউএনও,সারাবাংলা
নির্বাহী আদেশে দুই দিন বাড়ালে ঈদের ছুটি হবে ১০ দিন,শেষের পাতা
শিশু ইরা আর নেই গ্রেপ্তার প্রতিবেশীর হত্যার বর্ণনা,শেষের পাতা
৭ কর্মদিবসে বকেয়া বেতন ১২ মার্চের মধ্যে ঈদ বোনাস পরিশোধের নির্দেশ,শেষের পাতা
ঈদের বাস-ট্রেনের অগ্রিম টিকিট বিক্রি শুরু,শেষের পাতা
নারী ও শিশুর নিরাপত্তা নিশ্চিত করা সরকারের বড় চ্যালেঞ্জ,শেষের পাতা
সাইবার সহিংসতায় ৯৭% নারী-শিশু,শেষের পাতা
বলেশ্বরের ডুবোচরে আটকে আছে হাজারো জীবন,শেষের পাতা
নির্জন লিটল ম্যাগ চত্বর,শেষের পাতা
রাজধানীতে মশা নিয়ন্ত্রণহীন,শেষের পাতা
উক্তি,প্রথম পাতা
সাশ্রয়ী মূল্যে পণ্য কিনতে টিসিবির ট্রাকের সামনে ক্রেতাদের ধাক্কাধাক্কি,প্রথম পাতা
জুলাই জাতীয় সনদ ও গণভোট বাতিল প্রশ্নে হাইকোর্টের রুল,প্রথম পাতা
থেমে থেমে বিকট শব্দ আরো ফাঁকা তেহরান,প্রথম পাতা
চিকিৎসকদের মানবিকতা সমাজে প্রশান্তির পরিবেশ গড়ে তুলতে পারে,প্রথম পাতা
বাজেট অর্থায়ন খুবই চ্যালেঞ্জিং হতে পারে,প্রথম পাতা
আলোচনায় গুরুত্ব বাণিজ্যচুক্তি বাস্তবায়ন ও বিনিয়োগ,প্রথম পাতা
সরকার ও দলের কার্যক্রম সমন্বয়ে গুলশান কার্যালয়ে বৈঠক করবেন প্রধানমন্ত্রী,প্রথম পাতা
ঢাকার আইসিইউয়ে ওষুধ-প্রতিরোধী ছত্রাক ‘সুপারবাগ’ ছড়িয়ে পড়েছে,প্রথম পাতা
দুদক চেয়ারম্যান ও দুই কমিশনারের পদত্যাগ,প্রথম পাতা
সংকটেও বড় ঘাটতি বাজেটের পথে সরকার,প্রথম পাতা
এলএনজি সরবরাহ অনিশ্চয়তায় গ্যাস ও বিদ্যুৎ নিয়ে উদ্বেগ,প্রথম পাতা
শক্তিশালী তরুণদের দিকে নজর মানবপাচার চক্রের,প্রথম পাতা
পুলিশ হত্যাকারীদের কি বিচার হবে না—প্রশ্ন গোলাম মাওলা রনির,সোশ্যাল মিডিয়া
"হামলা চলছেই, প্রতিশোধে মরিয়া ইরান",প্রথম পাতা
ব্যাংক হিসাব তলব নিয়ে মুখ খুললেন আসিফ মাহমুদ,সোশ্যাল মিডিয়া
বৈশ্বিক পণ্যবাজার (ডলারে),শিল্প বাণিজ্য
মুদ্রাবাজার,শিল্প বাণিজ্য
পদোন্নতি পেয়ে ব্র্যাক ব্যাংকে নতুন দুই এএমডি,শিল্প বাণিজ্য
শ্রমশক্তিকে আনুষ্ঠানিক কাঠামোয় আনতে বাণিজ্যমন্ত্রীর জোর,শিল্প বাণিজ্য
কমোডিটি এক্সচেঞ্জ চালুর প্রস্তুতি জোরদার সিএসইতে,শিল্প বাণিজ্য
"জেরেমি নিক্সন : প্রধান নির্বাহী কর্মকর্তা, ওশান নেটওয়ার্ক এক্সপ্রেস (ওয়ান)",শিল্প বাণিজ্য
ঋণ নবায়নে ২০২৭ সাল পর্যন্ত বিশেষ সুযোগ,শিল্প বাণিজ্য
ডিএসইএক্স কমল ২০৮ পয়েন্ট,শিল্প বাণিজ্য
পাঁচ ব্যাংক একীভূতকরণ প্রক্রিয়া চলবে : গভর্নর,শিল্প বাণিজ্য
পোশাক খাতের জন্য ২৫০০ কোটি টাকার নগদ সহায়তা ছাড়,শিল্প বাণিজ্য
বিশ্বে বাড়ছে তেল ও গ্যাসের দাম,শিল্প বাণিজ্য
"দুবাই ছাড়ছেন ধনীরা, প্রাইভেট জেটের ভাড়া বেড়ে কয়েক গুণ",শিল্প বাণিজ্য
শ্যামপুরে গৃহবধূকে গলা কেটে হত্যা,রাজধানী
আরো খবর,রংবেরং
ইত্যাদিতে রাজ-সাবিলার নৃত্য,রংবেরং
দ্য হান্ট,রংবেরং
মেঘনা কন্যা,রংবেরং
মাস্টারশেফ ইন্ডিয়া,রংবেরং
৭ কিলো ১ গ্রাম,রংবেরং
ভালো আছেন ফজলুর রহমান বাবু,রংবেরং
মিলান ফ্যাশন উইকে আলিয়া ঝলক,রংবেরং
পাঁচ মাস পর ঈদে চালু হবে মধুবন,রংবেরং
তিন নারীর কণ্ঠে গান নারী যায় বাড়ি,রংবেরং
এফআইইউতে স্মরণসভা ও দোয়া মাহফিল,সিলেবাসে নেই
নর্থ সাউথ ইউনিভার্সিটিতে চাইনিজ কালচার নাইট,সিলেবাসে নেই
সৌরজগৎ,সিলেবাসে নেই
উচ্চশিক্ষায় জনপ্রিয় ৫ বিষয়,সিলেবাসে নেই
"সেমিতে স্বপ্নভঙ্গ, অতঃপর প্রত্যাবর্তন",সিলেবাসে নেই
ক্লাস রুমের বাইরে শেখা,সিলেবাসে নেই
কোরআন থেকে শিক্ষা,ইসলামী জীবন
মাওলানা হাবিবুর রহমান যুক্তিবাদীর ইন্তেকাল,ইসলামী জীবন
দ্বিনের জ্ঞান অর্জন ও প্রচারের গুরুত্ব,ইসলামী জীবন
হারিরা ও নাফির ছাড়া অপূর্ণ মরক্কোর রমজান,ইসলামী জীবন
"জাকাতের আত্মিক, সামাজিক ও অর্থনৈতিক সুফল",ইসলামী জীবন
কোরআনের আলোকে মানবিক মূল্যবোধ,ইসলামী জীবন
কার্যকর পদক্ষেপ নিন,সম্পাদকীয়
